{
    "total_predictions": 2,
    "avg_bias": -69.51956697230708,
    "tickers": {
        "7203": {
            "count": 1,
            "bias": -12.14353014735434
        },
        "4980": {
            "count": 1,
            "bias": -126.89560379725981
        }
    }
}